243 Gajser Tim,Honda,Lap,Laptime,Section 1,Section 2,Section 3,Section 4
243 Gajser Tim,Honda,1,2:25.355,0:37.264,0:34.848,0:33.745,0:39.498
243 Gajser Tim,Honda,2,2:24.253,0:37.825,0:34.772,0:32.655,0:39.001
243 Gajser Tim,Honda,3,2:24.308,0:37.477,0:34.471,0:33.418,0:38.942
243 Gajser Tim,Honda,4,2:22.804,0:37.019,0:34.469,0:32.723,0:38.593
243 Gajser Tim,Honda,5,2:22.007,0:36.868,0:34.072,0:33.051,0:38.016
243 Gajser Tim,Honda,6,2:22.208,0:36.943,0:34.185,0:32.863,0:38.217
243 Gajser Tim,Honda,7,2:22.925,0:37.066,0:34.190,0:33.069,0:38.600
243 Gajser Tim,Honda,8,2:22.958,0:37.057,0:34.398,0:33.308,0:38.195
243 Gajser Tim,Honda,9,2:24.765,0:37.427,0:34.931,0:33.820,0:38.587
243 Gajser Tim,Honda,10,2:24.994,0:37.024,0:34.778,0:33.737,0:39.455
243 Gajser Tim,Honda,11,2:25.598,0:37.550,0:34.936,0:34.012,0:39.100
243 Gajser Tim,Honda,12,2:26.033,0:37.636,0:35.380,0:33.594,0:39.423
243 Gajser Tim,Honda,13,2:27.159,0:38.009,0:35.098,0:34.409,0:39.643
243 Gajser Tim,Honda,14,2:30.590,0:38.617,0:35.946,0:34.892,0:41.135
3 Febvre Romain,Kawasaki,Lap,Laptime,Section 1,Section 2,Section 3,Section 4
3 Febvre Romain,Kawasaki,1,2:24.494,0:37.296,0:35.233,0:33.134,0:38.831
3 Febvre Romain,Kawasaki,2,2:24.774,0:37.758,0:34.824,0:33.757,0:38.435
3 Febvre Romain,Kawasaki,3,2:24.403,0:37.799,0:34.562,0:33.255,0:38.787
3 Febvre Romain,Kawasaki,4,2:23.941,0:36.983,0:34.956,0:33.339,0:38.663
3 Febvre Romain,Kawasaki,5,2:24.081,0:37.093,0:35.014,0:33.598,0:38.376
3 Febvre Romain,Kawasaki,6,2:23.059,0:36.697,0:34.678,0:33.076,0:38.608
3 Febvre Romain,Kawasaki,7,2:23.407,0:36.923,0:34.490,0:33.759,0:38.235
3 Febvre Romain,Kawasaki,8,2:24.495,0:37.158,0:34.911,0:33.677,0:38.749
3 Febvre Romain,Kawasaki,9,2:25.308,0:37.176,0:35.188,0:33.714,0:39.230
3 Febvre Romain,Kawasaki,10,2:24.429,0:37.194,0:35.625,0:32.917,0:38.693
3 Febvre Romain,Kawasaki,11,2:25.083,0:37.609,0:35.158,0:33.368,0:38.948
3 Febvre Romain,Kawasaki,12,2:25.081,0:37.334,0:35.268,0:33.535,0:38.944
3 Febvre Romain,Kawasaki,13,2:26.768,0:37.803,0:35.345,0:33.752,0:39.868
3 Febvre Romain,Kawasaki,14,2:28.278,0:38.191,0:35.846,0:34.228,0:40.013
70 Fernandez Ruben,Honda,Lap,Laptime,Section 1,Section 2,Section 3,Section 4
70 Fernandez Ruben,Honda,1,2:25.730,0:37.045,0:35.526,0:34.079,0:39.080
70 Fernandez Ruben,Honda,2,2:25.322,0:37.501,0:34.903,0:33.978,0:38.940
70 Fernandez Ruben,Honda,3,2:26.187,0:37.460,0:34.718,0:34.211,0:39.798
70 Fernandez Ruben,Honda,4,2:25.175,0:37.600,0:34.932,0:33.464,0:39.179
70 Fernandez Ruben,Honda,5,2:24.166,0:37.231,0:34.876,0:33.419,0:38.640
70 Fernandez Ruben,Honda,6,2:23.742,0:37.066,0:34.673,0:33.857,0:38.146
70 Fernandez Ruben,Honda,7,2:25.638,0:36.932,0:35.341,0:33.912,0:39.453
70 Fernandez Ruben,Honda,8,2:25.541,0:37.352,0:35.363,0:33.780,0:39.046
70 Fernandez Ruben,Honda,9,2:24.797,0:36.842,0:35.285,0:33.566,0:39.104
70 Fernandez Ruben,Honda,10,2:25.563,0:37.287,0:35.274,0:33.602,0:39.400
70 Fernandez Ruben,Honda,11,2:24.844,0:37.259,0:35.404,0:33.622,0:38.559
70 Fernandez Ruben,Honda,12,2:24.416,0:37.109,0:35.107,0:33.688,0:38.512
70 Fernandez Ruben,Honda,13,2:24.687,0:36.883,0:34.834,0:33.938,0:39.032
70 Fernandez Ruben,Honda,14,2:24.647,0:37.391,0:35.036,0:33.290,0:38.930
91 Seewer Jeremy,Yamaha,Lap,Laptime,Section 1,Section 2,Section 3,Section 4
91 Seewer Jeremy,Yamaha,1,2:24.667,0:37.459,0:35.133,0:33.118,0:38.957
91 Seewer Jeremy,Yamaha,2,2:23.495,0:37.684,0:34.350,0:32.990,0:38.471
91 Seewer Jeremy,Yamaha,3,2:24.610,0:37.505,0:34.762,0:33.276,0:39.067
91 Seewer Jeremy,Yamaha,4,2:24.550,0:37.462,0:34.750,0:33.198,0:39.140
91 Seewer Jeremy,Yamaha,5,2:23.437,0:37.307,0:34.654,0:33.141,0:38.335
91 Seewer Jeremy,Yamaha,6,2:23.323,0:37.389,0:34.383,0:32.991,0:38.560
91 Seewer Jeremy,Yamaha,7,2:23.867,0:36.973,0:34.737,0:33.913,0:38.244
91 Seewer Jeremy,Yamaha,8,2:24.819,0:37.413,0:35.439,0:33.674,0:38.293
91 Seewer Jeremy,Yamaha,9,2:27.596,0:37.494,0:35.217,0:35.211,0:39.674
91 Seewer Jeremy,Yamaha,10,2:25.948,0:37.802,0:36.270,0:33.255,0:38.621
91 Seewer Jeremy,Yamaha,11,2:24.636,0:37.575,0:35.367,0:33.053,0:38.641
91 Seewer Jeremy,Yamaha,12,2:25.504,0:37.399,0:35.221,0:33.600,0:39.284
91 Seewer Jeremy,Yamaha,13,2:28.096,0:37.508,0:35.674,0:33.391,0:41.523
91 Seewer Jeremy,Yamaha,14,2:26.030,0:38.016,0:35.287,0:33.256,0:39.471
259 Coldenhoff Glenn,Yamaha,Lap,Laptime,Section 1,Section 2,Section 3,Section 4
259 Coldenhoff Glenn,Yamaha,1,2:25.469,0:37.497,0:34.802,0:33.559,0:39.611
259 Coldenhoff Glenn,Yamaha,2,2:24.886,0:37.678,0:34.921,0:33.484,0:38.803
259 Coldenhoff Glenn,Yamaha,3,2:26.107,0:37.545,0:34.374,0:34.494,0:39.694
259 Coldenhoff Glenn,Yamaha,4,2:25.030,0:37.758,0:35.077,0:33.072,0:39.123
259 Coldenhoff Glenn,Yamaha,5,2:26.512,0:38.209,0:35.042,0:33.992,0:39.269
259 Coldenhoff Glenn,Yamaha,6,2:25.567,0:38.047,0:34.835,0:33.917,0:38.768
259 Coldenhoff Glenn,Yamaha,7,2:27.527,0:38.141,0:35.931,0:34.021,0:39.434
259 Coldenhoff Glenn,Yamaha,8,2:26.404,0:38.106,0:34.942,0:33.770,0:39.586
259 Coldenhoff Glenn,Yamaha,9,2:26.204,0:37.980,0:35.354,0:33.575,0:39.295
259 Coldenhoff Glenn,Yamaha,10,2:25.026,0:37.718,0:34.782,0:33.081,0:39.445
259 Coldenhoff Glenn,Yamaha,11,2:24.279,0:37.707,0:34.467,0:33.070,0:39.035
259 Coldenhoff Glenn,Yamaha,12,2:24.259,0:38.060,0:34.060,0:33.226,0:38.913
259 Coldenhoff Glenn,Yamaha,13,2:25.370,0:37.929,0:34.640,0:33.271,0:39.530
259 Coldenhoff Glenn,Yamaha,14,2:27.450,0:38.101,0:34.489,0:33.981,0:40.879
10 Vlaanderen Calvin,Yamaha,Lap,Laptime,Section 1,Section 2,Section 3,Section 4
10 Vlaanderen Calvin,Yamaha,1,2:28.140,0:38.308,0:35.626,0:35.282,0:38.924
10 Vlaanderen Calvin,Yamaha,2,2:26.347,0:37.613,0:35.433,0:34.441,0:38.860
10 Vlaanderen Calvin,Yamaha,3,2:27.456,0:38.441,0:35.033,0:34.313,0:39.669
10 Vlaanderen Calvin,Yamaha,4,2:26.484,0:38.039,0:35.358,0:34.134,0:38.953
10 Vlaanderen Calvin,Yamaha,5,2:26.511,0:37.947,0:35.139,0:34.542,0:38.883
10 Vlaanderen Calvin,Yamaha,6,2:26.651,0:37.977,0:35.242,0:34.508,0:38.924
10 Vlaanderen Calvin,Yamaha,7,2:25.852,0:37.265,0:35.591,0:33.775,0:39.221
10 Vlaanderen Calvin,Yamaha,8,2:25.788,0:37.310,0:35.487,0:34.210,0:38.781
10 Vlaanderen Calvin,Yamaha,9,2:26.481,0:37.525,0:35.394,0:33.878,0:39.684
10 Vlaanderen Calvin,Yamaha,10,2:26.124,0:37.634,0:35.144,0:33.799,0:39.547
10 Vlaanderen Calvin,Yamaha,11,2:26.501,0:37.606,0:35.383,0:33.817,0:39.695
10 Vlaanderen Calvin,Yamaha,12,2:26.830,0:38.165,0:35.497,0:33.912,0:39.256
10 Vlaanderen Calvin,Yamaha,13,2:26.577,0:37.901,0:35.313,0:33.951,0:39.412
10 Vlaanderen Calvin,Yamaha,14,2:30.010,0:37.956,0:36.182,0:34.708,0:41.164
41 Jonass Pauls,Honda,Lap,Laptime,Section 1,Section 2,Section 3,Section 4
41 Jonass Pauls,Honda,1,2:28.655,0:38.644,0:35.584,0:35.142,0:39.285
41 Jonass Pauls,Honda,2,2:27.421,0:37.945,0:35.473,0:34.609,0:39.394
41 Jonass Pauls,Honda,3,2:28.844,0:37.923,0:36.156,0:34.381,0:40.384
41 Jonass Pauls,Honda,4,2:27.353,0:38.091,0:35.988,0:34.264,0:39.010
41 Jonass Pauls,Honda,5,2:26.896,0:37.398,0:36.044,0:34.764,0:38.690
41 Jonass Pauls,Honda,6,2:26.136,0:37.457,0:35.519,0:34.285,0:38.875
41 Jonass Pauls,Honda,7,2:25.887,0:37.425,0:35.340,0:34.437,0:38.685
41 Jonass Pauls,Honda,8,2:26.666,0:37.399,0:35.117,0:34.372,0:39.778
41 Jonass Pauls,Honda,9,2:27.045,0:37.435,0:35.672,0:34.362,0:39.576
41 Jonass Pauls,Honda,10,2:26.791,0:37.402,0:35.590,0:34.643,0:39.156
41 Jonass Pauls,Honda,11,2:26.298,0:37.607,0:35.028,0:34.423,0:39.240
41 Jonass Pauls,Honda,12,2:26.885,0:37.928,0:35.223,0:34.130,0:39.604
41 Jonass Pauls,Honda,13,2:27.597,0:37.477,0:36.188,0:34.582,0:39.350
41 Jonass Pauls,Honda,14,2:28.105,0:38.108,0:35.465,0:34.890,0:39.642
92 Guillod Valentin,Honda,Lap,Laptime,Section 1,Section 2,Section 3,Section 4
92 Guillod Valentin,Honda,1,2:28.642,0:37.878,0:36.325,0:35.011,0:39.428
92 Guillod Valentin,Honda,2,2:26.429,0:37.544,0:35.677,0:34.272,0:38.936
92 Guillod Valentin,Honda,3,2:27.852,0:37.946,0:36.006,0:34.469,0:39.431
92 Guillod Valentin,Honda,4,2:26.531,0:37.583,0:35.521,0:34.469,0:38.958
92 Guillod Valentin,Honda,5,2:27.412,0:37.320,0:35.796,0:34.723,0:39.573
92 Guillod Valentin,Honda,6,2:28.342,0:37.157,0:35.762,0:35.164,0:40.259
92 Guillod Valentin,Honda,7,2:27.558,0:37.169,0:35.981,0:34.269,0:40.139
92 Guillod Valentin,Honda,8,2:27.624,0:37.425,0:36.053,0:34.714,0:39.432
92 Guillod Valentin,Honda,9,2:27.276,0:37.368,0:35.639,0:34.483,0:39.786
92 Guillod Valentin,Honda,10,2:27.166,0:37.610,0:35.391,0:34.824,0:39.341
92 Guillod Valentin,Honda,11,2:26.627,0:37.577,0:35.366,0:34.377,0:39.307
92 Guillod Valentin,Honda,12,2:26.005,0:37.438,0:34.956,0:34.393,0:39.218
92 Guillod Valentin,Honda,13,2:27.618,0:37.070,0:36.314,0:34.629,0:39.605
92 Guillod Valentin,Honda,14,2:27.691,0:37.520,0:35.360,0:34.989,0:39.822
226 Koch Tom,KTM,Lap,Laptime,Section 1,Section 2,Section 3,Section 4
226 Koch Tom,KTM,1,2:28.828,0:38.362,0:35.957,0:34.615,0:39.894
226 Koch Tom,KTM,2,2:27.884,0:38.969,0:35.451,0:34.233,0:39.231
226 Koch Tom,KTM,3,2:28.370,0:38.580,0:35.855,0:34.158,0:39.777
226 Koch Tom,KTM,4,2:27.912,0:38.475,0:36.301,0:34.193,0:38.943
226 Koch Tom,KTM,5,2:27.692,0:38.146,0:35.690,0:34.370,0:39.486
226 Koch Tom,KTM,6,2:26.287,0:37.901,0:35.493,0:33.914,0:38.979
226 Koch Tom,KTM,7,2:26.954,0:38.173,0:35.688,0:34.050,0:39.043
226 Koch Tom,KTM,8,2:27.097,0:37.894,0:35.595,0:34.362,0:39.246
226 Koch Tom,KTM,9,2:27.345,0:38.149,0:35.663,0:34.255,0:39.278
226 Koch Tom,KTM,10,2:27.442,0:38.148,0:35.827,0:34.142,0:39.325
226 Koch Tom,KTM,11,2:26.836,0:37.931,0:35.403,0:34.273,0:39.229
226 Koch Tom,KTM,12,2:27.543,0:38.024,0:35.629,0:34.480,0:39.410
226 Koch Tom,KTM,13,2:27.185,0:38.158,0:35.357,0:34.219,0:39.451
226 Koch Tom,KTM,14,2:26.504,0:37.915,0:35.517,0:34.067,0:39.005
189 Bogers Brian,Honda,Lap,Laptime,Section 1,Section 2,Section 3,Section 4
189 Bogers Brian,Honda,1,2:29.098,0:38.453,0:36.053,0:35.183,0:39.409
189 Bogers Brian,Honda,2,2:27.973,0:38.293,0:36.031,0:34.299,0:39.350
189 Bogers Brian,Honda,3,2:28.799,0:38.157,0:36.050,0:34.772,0:39.820
189 Bogers Brian,Honda,4,2:28.059,0:37.847,0:36.400,0:34.189,0:39.623
189 Bogers Brian,Honda,5,2:27.459,0:37.435,0:36.329,0:34.311,0:39.384
189 Bogers Brian,Honda,6,2:26.565,0:37.775,0:35.433,0:34.219,0:39.138
189 Bogers Brian,Honda,7,2:27.614,0:37.845,0:35.525,0:34.844,0:39.400
189 Bogers Brian,Honda,8,2:25.894,0:37.613,0:35.404,0:33.764,0:39.113
189 Bogers Brian,Honda,9,2:27.702,0:37.972,0:35.772,0:34.500,0:39.458
189 Bogers Brian,Honda,10,2:27.307,0:37.926,0:35.536,0:34.153,0:39.692
189 Bogers Brian,Honda,11,2:26.947,0:37.948,0:35.349,0:34.783,0:38.867
189 Bogers Brian,Honda,12,2:26.560,0:37.975,0:35.451,0:34.358,0:38.776
189 Bogers Brian,Honda,13,2:26.841,0:38.180,0:35.128,0:34.140,0:39.393
189 Bogers Brian,Honda,14,2:27.708,0:38.025,0:35.419,0:33.973,0:40.291
919 Watson Ben,Beta,Lap,Laptime,Section 1,Section 2,Section 3,Section 4
919 Watson Ben,Beta,1,2:29.325,0:38.366,0:36.252,0:35.144,0:39.563
919 Watson Ben,Beta,2,2:28.275,0:38.488,0:35.864,0:34.718,0:39.205
919 Watson Ben,Beta,3,2:28.420,0:38.059,0:35.955,0:34.292,0:40.114
919 Watson Ben,Beta,4,2:28.054,0:37.909,0:36.410,0:34.543,0:39.192
919 Watson Ben,Beta,5,2:28.288,0:37.812,0:35.525,0:35.550,0:39.401
919 Watson Ben,Beta,6,2:26.598,0:37.654,0:35.553,0:34.204,0:39.187
919 Watson Ben,Beta,7,2:26.779,0:37.427,0:35.389,0:33.822,0:40.141
919 Watson Ben,Beta,8,2:26.582,0:37.632,0:35.816,0:33.562,0:39.572
919 Watson Ben,Beta,9,2:28.217,0:38.170,0:35.949,0:34.213,0:39.885
919 Watson Ben,Beta,10,2:26.682,0:37.950,0:35.777,0:33.558,0:39.397
919 Watson Ben,Beta,11,2:27.732,0:37.900,0:36.344,0:34.266,0:39.222
919 Watson Ben,Beta,12,2:27.207,0:37.948,0:35.798,0:34.008,0:39.453
919 Watson Ben,Beta,13,2:28.045,0:37.788,0:36.020,0:34.160,0:40.077
919 Watson Ben,Beta,14,2:28.513,0:38.331,0:35.957,0:34.578,0:39.647
77 Lupino Alessandro,Beta,Lap,Laptime,Section 1,Section 2,Section 3,Section 4
77 Lupino Alessandro,Beta,1,2:31.277,0:38.905,0:36.668,0:35.792,0:39.912
77 Lupino Alessandro,Beta,2,2:28.084,0:38.280,0:35.283,0:34.632,0:39.889
77 Lupino Alessandro,Beta,3,2:28.571,0:38.675,0:35.608,0:34.246,0:40.042
77 Lupino Alessandro,Beta,4,2:27.937,0:38.252,0:35.730,0:34.190,0:39.765
77 Lupino Alessandro,Beta,5,2:27.322,0:37.605,0:35.515,0:34.953,0:39.249
77 Lupino Alessandro,Beta,6,2:29.036,0:37.894,0:36.055,0:34.834,0:40.253
77 Lupino Alessandro,Beta,7,2:28.111,0:37.627,0:35.154,0:34.782,0:40.548
77 Lupino Alessandro,Beta,8,2:28.770,0:38.142,0:36.038,0:34.421,0:40.169
77 Lupino Alessandro,Beta,9,2:28.910,0:38.712,0:36.290,0:34.128,0:39.780
77 Lupino Alessandro,Beta,10,2:28.157,0:38.103,0:35.789,0:34.346,0:39.919
77 Lupino Alessandro,Beta,11,2:29.781,0:38.455,0:36.113,0:34.841,0:40.372
77 Lupino Alessandro,Beta,12,2:29.590,0:38.687,0:36.210,0:35.071,0:39.622
77 Lupino Alessandro,Beta,13,2:29.837,0:38.967,0:35.949,0:34.623,0:40.298
77 Lupino Alessandro,Beta,14,2:31.741,0:38.776,0:36.120,0:35.091,0:41.754
151 Kullas Harri,Yamaha,Lap,Laptime,Section 1,Section 2,Section 3,Section 4
151 Kullas Harri,Yamaha,1,2:31.618,0:39.007,0:37.009,0:35.283,0:40.319
151 Kullas Harri,Yamaha,2,2:28.813,0:38.210,0:36.226,0:34.841,0:39.536
151 Kullas Harri,Yamaha,3,2:28.817,0:37.880,0:36.192,0:34.780,0:39.965
151 Kullas Harri,Yamaha,4,2:27.452,0:37.469,0:36.318,0:34.109,0:39.556
151 Kullas Harri,Yamaha,5,2:28.545,0:37.810,0:36.184,0:34.991,0:39.560
151 Kullas Harri,Yamaha,6,2:27.779,0:37.463,0:36.034,0:34.474,0:39.808
151 Kullas Harri,Yamaha,7,2:27.749,0:37.848,0:35.966,0:34.560,0:39.375
151 Kullas Harri,Yamaha,8,2:27.201,0:37.622,0:35.666,0:34.127,0:39.786
151 Kullas Harri,Yamaha,9,2:35.210,0:44.330,0:36.263,0:34.237,0:40.380
151 Kullas Harri,Yamaha,10,2:29.506,0:38.224,0:36.201,0:35.002,0:40.079
151 Kullas Harri,Yamaha,11,2:29.008,0:38.066,0:36.433,0:34.830,0:39.679
151 Kullas Harri,Yamaha,12,2:29.177,0:38.599,0:36.001,0:34.702,0:39.875
151 Kullas Harri,Yamaha,13,2:30.033,0:38.394,0:36.049,0:34.994,0:40.596
151 Kullas Harri,Yamaha,14,2:33.289,0:38.527,0:36.534,0:36.101,0:42.127
48 Monticelli Ivo,GASGAS,Lap,Laptime,Section 1,Section 2,Section 3,Section 4
48 Monticelli Ivo,GASGAS,1,2:30.888,0:38.909,0:36.633,0:35.433,0:39.913
48 Monticelli Ivo,GASGAS,2,2:30.579,0:38.454,0:36.439,0:35.897,0:39.789
48 Monticelli Ivo,GASGAS,3,2:30.027,0:38.346,0:36.161,0:35.161,0:40.359
48 Monticelli Ivo,GASGAS,4,2:28.798,0:38.028,0:36.565,0:34.285,0:39.920
48 Monticelli Ivo,GASGAS,5,2:29.274,0:38.494,0:35.894,0:35.095,0:39.791
48 Monticelli Ivo,GASGAS,6,2:28.468,0:38.395,0:35.770,0:34.560,0:39.743
48 Monticelli Ivo,GASGAS,7,2:28.114,0:38.141,0:35.610,0:34.589,0:39.774
48 Monticelli Ivo,GASGAS,8,2:30.130,0:38.878,0:36.035,0:35.237,0:39.980
48 Monticelli Ivo,GASGAS,9,2:29.503,0:38.748,0:35.806,0:34.768,0:40.181
48 Monticelli Ivo,GASGAS,10,2:30.020,0:38.888,0:36.313,0:35.156,0:39.663
48 Monticelli Ivo,GASGAS,11,2:30.669,0:39.036,0:36.080,0:34.992,0:40.561
48 Monticelli Ivo,GASGAS,12,2:29.274,0:39.222,0:35.274,0:34.650,0:40.128
48 Monticelli Ivo,GASGAS,13,2:29.758,0:39.024,0:35.938,0:35.184,0:39.612
48 Monticelli Ivo,GASGAS,14,2:29.595,0:38.958,0:35.334,0:35.041,0:40.262
811 Sterry Adam,KTM,Lap,Laptime,Section 1,Section 2,Section 3,Section 4
811 Sterry Adam,KTM,1,2:32.062,0:39.370,0:36.739,0:35.403,0:40.550
811 Sterry Adam,KTM,2,2:29.564,0:38.333,0:36.083,0:35.291,0:39.857
811 Sterry Adam,KTM,3,2:29.569,0:38.715,0:35.849,0:34.818,0:40.187
811 Sterry Adam,KTM,4,2:28.911,0:38.431,0:35.564,0:34.845,0:40.071
811 Sterry Adam,KTM,5,2:29.632,0:38.595,0:35.573,0:34.922,0:40.542
811 Sterry Adam,KTM,6,2:28.984,0:38.605,0:35.582,0:34.808,0:39.989
811 Sterry Adam,KTM,7,2:28.164,0:38.688,0:35.250,0:34.381,0:39.845
811 Sterry Adam,KTM,8,2:29.391,0:38.468,0:35.700,0:34.622,0:40.601
811 Sterry Adam,KTM,9,2:29.816,0:39.361,0:35.751,0:34.414,0:40.290
811 Sterry Adam,KTM,10,2:29.698,0:38.810,0:35.760,0:34.701,0:40.427
811 Sterry Adam,KTM,11,2:29.971,0:39.267,0:35.317,0:35.190,0:40.197
811 Sterry Adam,KTM,12,2:30.379,0:38.974,0:36.107,0:35.411,0:39.887
811 Sterry Adam,KTM,13,2:30.012,0:39.458,0:35.964,0:34.698,0:39.892
811 Sterry Adam,KTM,14,2:28.393,0:38.782,0:34.974,0:34.447,0:40.190
71 Spies Maximilian,KTM,Lap,Laptime,Section 1,Section 2,Section 3,Section 4
71 Spies Maximilian,KTM,1,2:32.555,0:39.087,0:36.386,0:36.377,0:40.705
71 Spies Maximilian,KTM,2,2:29.344,0:37.874,0:36.178,0:35.188,0:40.104
71 Spies Maximilian,KTM,3,2:28.380,0:38.151,0:35.896,0:34.326,0:40.007
71 Spies Maximilian,KTM,4,2:29.469,0:38.678,0:35.944,0:34.652,0:40.195
71 Spies Maximilian,KTM,5,2:29.592,0:38.444,0:35.977,0:35.193,0:39.978
71 Spies Maximilian,KTM,6,2:29.975,0:38.188,0:36.521,0:34.896,0:40.370
71 Spies Maximilian,KTM,7,2:29.715,0:38.577,0:35.983,0:34.979,0:40.176
71 Spies Maximilian,KTM,8,2:30.234,0:38.456,0:36.646,0:34.901,0:40.231
71 Spies Maximilian,KTM,9,2:28.657,0:37.977,0:36.301,0:34.545,0:39.834
71 Spies Maximilian,KTM,10,2:29.406,0:38.366,0:36.092,0:34.980,0:39.968
71 Spies Maximilian,KTM,11,2:29.389,0:38.425,0:36.139,0:34.733,0:40.092
71 Spies Maximilian,KTM,12,2:29.418,0:38.394,0:36.079,0:34.738,0:40.207
71 Spies Maximilian,KTM,13,2:29.024,0:38.891,0:36.104,0:34.234,0:39.795
71 Spies Maximilian,KTM,14,2:28.295,0:38.525,0:35.354,0:34.597,0:39.819
17 Toendel Cornelius,Honda,Lap,Laptime,Section 1,Section 2,Section 3,Section 4
17 Toendel Cornelius,Honda,1,2:32.596,0:39.253,0:36.987,0:36.192,0:40.164
17 Toendel Cornelius,Honda,2,2:29.905,0:38.636,0:36.246,0:34.969,0:40.054
17 Toendel Cornelius,Honda,3,2:30.289,0:38.463,0:35.788,0:35.150,0:40.888
17 Toendel Cornelius,Honda,4,2:31.019,0:38.679,0:36.643,0:35.411,0:40.286
17 Toendel Cornelius,Honda,5,2:29.462,0:38.357,0:36.200,0:34.934,0:39.971
17 Toendel Cornelius,Honda,6,2:29.723,0:38.358,0:36.249,0:35.036,0:40.080
17 Toendel Cornelius,Honda,7,2:29.608,0:38.247,0:36.286,0:34.964,0:40.111
17 Toendel Cornelius,Honda,8,2:29.419,0:38.264,0:36.169,0:35.164,0:39.822
17 Toendel Cornelius,Honda,9,2:29.268,0:38.231,0:36.090,0:34.989,0:39.958
17 Toendel Cornelius,Honda,10,2:30.480,0:38.561,0:36.451,0:35.116,0:40.352
17 Toendel Cornelius,Honda,11,2:31.526,0:38.977,0:36.627,0:35.170,0:40.752
17 Toendel Cornelius,Honda,12,2:30.112,0:38.410,0:36.093,0:35.153,0:40.456
17 Toendel Cornelius,Honda,13,2:31.475,0:38.568,0:36.521,0:35.579,0:40.807
17 Toendel Cornelius,Honda,14,2:33.654,0:39.132,0:37.065,0:36.073,0:41.384
61 Prado Jorge,GASGAS,Lap,Laptime,Section 1,Section 2,Section 3,Section 4
61 Prado Jorge,GASGAS,1,2:33.197,0:38.995,0:36.634,0:35.910,0:41.658
61 Prado Jorge,GASGAS,2,2:30.041,0:38.873,0:35.926,0:34.421,0:40.821
61 Prado Jorge,GASGAS,3,2:29.412,0:38.283,0:36.041,0:34.811,0:40.277
61 Prado Jorge,GASGAS,4,2:28.863,0:38.016,0:36.542,0:33.945,0:40.360
61 Prado Jorge,GASGAS,5,2:29.927,0:38.131,0:36.638,0:34.416,0:40.742
61 Prado Jorge,GASGAS,6,2:29.763,0:37.978,0:36.348,0:35.364,0:40.073
61 Prado Jorge,GASGAS,7,2:29.537,0:37.998,0:36.720,0:34.650,0:40.169
61 Prado Jorge,GASGAS,8,2:30.295,0:38.308,0:36.752,0:34.824,0:40.411
61 Prado Jorge,GASGAS,9,2:29.934,0:38.099,0:36.983,0:35.124,0:39.728
61 Prado Jorge,GASGAS,10,2:29.224,0:37.535,0:36.260,0:34.611,0:40.818
61 Prado Jorge,GASGAS,11,2:33.721,0:39.490,0:38.589,0:35.310,0:40.332
61 Prado Jorge,GASGAS,12,2:30.225,0:36.728,0:38.106,0:34.801,0:40.590
61 Prado Jorge,GASGAS,13,2:33.162,0:38.654,0:38.101,0:35.488,0:40.919
61 Prado Jorge,GASGAS,14,2:36.936,0:39.378,0:38.780,0:35.987,0:42.791
161 Östlund Alvin,Honda,Lap,Laptime,Section 1,Section 2,Section 3,Section 4
161 Östlund Alvin,Honda,1,2:32.890,0:39.361,0:36.897,0:35.752,0:40.880
161 Östlund Alvin,Honda,2,2:32.048,0:38.881,0:36.513,0:35.783,0:40.871
161 Östlund Alvin,Honda,3,2:30.319,0:38.655,0:36.587,0:34.779,0:40.298
161 Östlund Alvin,Honda,4,2:32.039,0:38.894,0:36.979,0:34.991,0:41.175
161 Östlund Alvin,Honda,5,2:31.503,0:39.630,0:36.082,0:35.162,0:40.629
161 Östlund Alvin,Honda,6,2:29.930,0:38.486,0:36.186,0:34.528,0:40.730
161 Östlund Alvin,Honda,7,2:30.548,0:38.628,0:36.135,0:35.098,0:40.687
161 Östlund Alvin,Honda,8,2:31.346,0:38.831,0:36.246,0:35.083,0:41.186
161 Östlund Alvin,Honda,9,2:31.073,0:39.141,0:36.495,0:34.767,0:40.670
161 Östlund Alvin,Honda,10,2:31.425,0:39.291,0:36.414,0:34.989,0:40.731
161 Östlund Alvin,Honda,11,2:32.225,0:38.900,0:36.422,0:35.326,0:41.577
161 Östlund Alvin,Honda,12,2:32.117,0:39.498,0:36.417,0:35.177,0:41.025
161 Östlund Alvin,Honda,13,2:31.571,0:39.004,0:36.623,0:34.886,0:41.058
161 Östlund Alvin,Honda,14,2:34.845,0:39.508,0:37.159,0:35.723,0:42.455
142 Haavisto Jere,KTM,Lap,Laptime,Section 1,Section 2,Section 3,Section 4
142 Haavisto Jere,KTM,1,2:32.207,0:39.003,0:36.655,0:36.329,0:40.220
142 Haavisto Jere,KTM,2,2:31.863,0:39.043,0:37.007,0:36.047,0:39.766
142 Haavisto Jere,KTM,3,2:30.702,0:38.422,0:35.931,0:35.842,0:40.507
142 Haavisto Jere,KTM,4,2:32.535,0:39.929,0:36.655,0:35.377,0:40.574
142 Haavisto Jere,KTM,5,2:36.095,0:42.772,0:37.108,0:35.861,0:40.354
142 Haavisto Jere,KTM,6,2:31.248,0:39.036,0:36.377,0:35.390,0:40.445
142 Haavisto Jere,KTM,7,2:32.318,0:39.157,0:37.059,0:35.105,0:40.997
142 Haavisto Jere,KTM,8,2:31.437,0:39.507,0:36.555,0:35.297,0:40.078
142 Haavisto Jere,KTM,9,2:32.799,0:39.423,0:36.754,0:35.869,0:40.753
142 Haavisto Jere,KTM,10,2:31.811,0:39.188,0:36.941,0:35.106,0:40.576
142 Haavisto Jere,KTM,11,2:32.225,0:39.248,0:37.111,0:35.512,0:40.354
142 Haavisto Jere,KTM,12,2:31.805,0:39.325,0:36.686,0:35.440,0:40.354
142 Haavisto Jere,KTM,13,2:32.813,0:39.108,0:36.971,0:35.693,0:41.041
142 Haavisto Jere,KTM,14,2:33.387,0:39.858,0:37.167,0:35.599,0:40.763
371 Iacopi Manuel,Yamaha,Lap,Laptime,Section 1,Section 2,Section 3,Section 4
371 Iacopi Manuel,Yamaha,1,2:35.678,0:39.371,0:37.586,0:36.617,0:42.104
371 Iacopi Manuel,Yamaha,2,2:32.808,0:39.088,0:36.318,0:36.388,0:41.014
371 Iacopi Manuel,Yamaha,3,2:31.628,0:38.635,0:35.816,0:35.953,0:41.224
371 Iacopi Manuel,Yamaha,4,2:33.684,0:40.171,0:37.361,0:35.366,0:40.786
371 Iacopi Manuel,Yamaha,5,2:33.430,0:39.069,0:37.219,0:36.129,0:41.013
371 Iacopi Manuel,Yamaha,6,2:33.206,0:39.054,0:37.486,0:35.975,0:40.691
371 Iacopi Manuel,Yamaha,7,2:33.387,0:39.316,0:36.892,0:36.025,0:41.154
371 Iacopi Manuel,Yamaha,8,2:33.497,0:39.047,0:36.845,0:36.321,0:41.284
371 Iacopi Manuel,Yamaha,9,2:32.832,0:39.154,0:36.795,0:35.584,0:41.299
371 Iacopi Manuel,Yamaha,10,2:32.871,0:39.177,0:36.707,0:35.916,0:41.071
371 Iacopi Manuel,Yamaha,11,2:32.243,0:39.573,0:36.840,0:35.504,0:40.326
371 Iacopi Manuel,Yamaha,12,2:31.767,0:38.880,0:36.508,0:35.997,0:40.382
371 Iacopi Manuel,Yamaha,13,2:34.495,0:39.642,0:37.024,0:36.755,0:41.074
371 Iacopi Manuel,Yamaha,14,2:32.705,0:39.534,0:37.113,0:35.632,0:40.426
103 Meara Jason,GASGAS,Lap,Laptime,Section 1,Section 2,Section 3,Section 4
103 Meara Jason,GASGAS,1,2:34.050,0:39.291,0:36.817,0:36.700,0:41.242
103 Meara Jason,GASGAS,2,2:33.010,0:38.922,0:36.929,0:35.759,0:41.400
103 Meara Jason,GASGAS,3,2:33.149,0:38.622,0:37.185,0:35.974,0:41.368
103 Meara Jason,GASGAS,4,2:31.914,0:38.825,0:37.017,0:35.441,0:40.631
103 Meara Jason,GASGAS,5,2:32.666,0:38.756,0:36.933,0:36.041,0:40.936
103 Meara Jason,GASGAS,6,2:33.936,0:38.588,0:37.232,0:36.066,0:42.050
103 Meara Jason,GASGAS,7,2:32.879,0:38.686,0:36.955,0:35.808,0:41.430
103 Meara Jason,GASGAS,8,2:33.669,0:38.947,0:36.948,0:36.828,0:40.946
103 Meara Jason,GASGAS,9,2:31.925,0:38.394,0:36.823,0:35.740,0:40.968
103 Meara Jason,GASGAS,10,2:33.445,0:39.182,0:37.022,0:35.535,0:41.706
103 Meara Jason,GASGAS,11,2:32.531,0:39.000,0:36.997,0:35.895,0:40.639
103 Meara Jason,GASGAS,12,2:33.318,0:39.078,0:37.339,0:36.080,0:40.821
103 Meara Jason,GASGAS,13,2:33.791,0:39.086,0:36.982,0:36.593,0:41.130
103 Meara Jason,GASGAS,14,2:31.005,0:39.454,0:36.379,0:35.482,0:39.690
16 Grimshaw Tom,GASGAS,Lap,Laptime,Section 1,Section 2,Section 3,Section 4
16 Grimshaw Tom,GASGAS,1,2:34.567,0:39.950,0:37.263,0:35.971,0:41.383
16 Grimshaw Tom,GASGAS,2,2:32.892,0:39.339,0:36.831,0:35.639,0:41.083
16 Grimshaw Tom,GASGAS,3,2:31.514,0:38.616,0:36.918,0:35.041,0:40.939
16 Grimshaw Tom,GASGAS,4,2:31.851,0:38.379,0:37.167,0:35.667,0:40.638
16 Grimshaw Tom,GASGAS,5,2:34.856,0:40.445,0:37.628,0:35.553,0:41.230
16 Grimshaw Tom,GASGAS,6,2:35.225,0:39.748,0:37.769,0:35.808,0:41.900
16 Grimshaw Tom,GASGAS,7,2:33.644,0:39.640,0:37.485,0:35.175,0:41.344
16 Grimshaw Tom,GASGAS,8,2:33.669,0:39.092,0:37.205,0:36.073,0:41.299
16 Grimshaw Tom,GASGAS,9,2:34.120,0:39.207,0:37.350,0:35.847,0:41.716
16 Grimshaw Tom,GASGAS,10,2:34.357,0:38.863,0:37.498,0:36.076,0:41.920
16 Grimshaw Tom,GASGAS,11,2:34.347,0:39.573,0:37.582,0:35.731,0:41.461
16 Grimshaw Tom,GASGAS,12,2:35.489,0:39.089,0:37.693,0:36.263,0:42.444
16 Grimshaw Tom,GASGAS,13,2:36.597,0:39.607,0:38.059,0:36.614,0:42.317
16 Grimshaw Tom,GASGAS,14,2:40.231,0:40.451,0:39.342,0:36.529,0:43.909
500 Barr Martin,Husqvarna,Lap,Laptime,Section 1,Section 2,Section 3,Section 4
500 Barr Martin,Husqvarna,1,2:37.425,0:40.723,0:38.098,0:36.471,0:42.133
500 Barr Martin,Husqvarna,2,2:35.152,0:39.482,0:37.148,0:36.479,0:42.043
500 Barr Martin,Husqvarna,3,2:35.132,0:39.382,0:38.050,0:36.274,0:41.426
500 Barr Martin,Husqvarna,4,2:34.385,0:39.973,0:36.895,0:36.240,0:41.277
500 Barr Martin,Husqvarna,5,2:33.515,0:39.578,0:37.387,0:35.712,0:40.838
500 Barr Martin,Husqvarna,6,2:33.038,0:38.883,0:37.335,0:35.934,0:40.886
500 Barr Martin,Husqvarna,7,2:32.666,0:38.819,0:37.292,0:35.654,0:40.901
500 Barr Martin,Husqvarna,8,2:34.101,0:39.575,0:37.234,0:35.571,0:41.721
500 Barr Martin,Husqvarna,9,2:35.167,0:39.548,0:38.056,0:36.146,0:41.417
500 Barr Martin,Husqvarna,10,2:34.175,0:39.093,0:37.675,0:35.803,0:41.604
500 Barr Martin,Husqvarna,11,2:34.979,0:39.137,0:37.481,0:36.107,0:42.254
500 Barr Martin,Husqvarna,12,2:36.706,0:39.751,0:37.684,0:36.511,0:42.760
500 Barr Martin,Husqvarna,13,2:42.597,0:41.387,0:38.319,0:38.994,0:43.897
6 Paturel Benoit,Yamaha,Lap,Laptime,Section 1,Section 2,Section 3,Section 4
6 Paturel Benoit,Yamaha,1,2:32.830,0:38.992,0:36.914,0:36.256,0:40.668
6 Paturel Benoit,Yamaha,2,2:30.689,0:38.272,0:36.696,0:35.134,0:40.587
6 Paturel Benoit,Yamaha,3,2:31.640,0:38.277,0:36.487,0:35.485,0:41.391
6 Paturel Benoit,Yamaha,4,2:31.314,0:38.741,0:36.287,0:35.743,0:40.543
6 Paturel Benoit,Yamaha,5,2:59.535,1:03.966,0:38.225,0:35.750,0:41.594
6 Paturel Benoit,Yamaha,6,2:33.182,0:39.386,0:37.248,0:35.528,0:41.020
6 Paturel Benoit,Yamaha,7,2:35.234,0:39.100,0:38.322,0:36.504,0:41.308
6 Paturel Benoit,Yamaha,8,2:33.279,0:38.829,0:37.909,0:35.568,0:40.973
6 Paturel Benoit,Yamaha,9,2:32.425,0:38.525,0:37.938,0:35.433,0:40.529
6 Paturel Benoit,Yamaha,10,2:33.726,0:39.342,0:37.642,0:35.413,0:41.329
6 Paturel Benoit,Yamaha,11,2:33.925,0:39.354,0:37.335,0:35.742,0:41.494
6 Paturel Benoit,Yamaha,12,2:38.585,0:40.557,0:39.237,0:36.486,0:42.305
6 Paturel Benoit,Yamaha,13,2:46.268,0:41.922,0:42.106,0:37.714,0:44.526
220 Gabriel Tanguy,KTM,Lap,Laptime,Section 1,Section 2,Section 3,Section 4
220 Gabriel Tanguy,KTM,1,2:36.061,0:40.113,0:37.789,0:36.560,0:41.599
220 Gabriel Tanguy,KTM,2,2:34.434,0:39.562,0:36.688,0:36.324,0:41.860
220 Gabriel Tanguy,KTM,3,2:35.969,0:39.268,0:37.747,0:37.038,0:41.916
220 Gabriel Tanguy,KTM,4,2:37.258,0:40.751,0:37.024,0:37.791,0:41.692
220 Gabriel Tanguy,KTM,5,2:38.475,0:40.247,0:38.329,0:37.596,0:42.303
220 Gabriel Tanguy,KTM,6,2:38.698,0:39.994,0:38.828,0:36.778,0:43.098
220 Gabriel Tanguy,KTM,7,2:38.804,0:41.046,0:38.149,0:37.171,0:42.438
220 Gabriel Tanguy,KTM,8,2:39.194,0:40.227,0:38.611,0:37.185,0:43.171
220 Gabriel Tanguy,KTM,9,2:40.416,0:40.753,0:38.213,0:37.512,0:43.938
220 Gabriel Tanguy,KTM,10,2:39.216,0:40.325,0:38.073,0:37.317,0:43.501
220 Gabriel Tanguy,KTM,11,2:40.563,0:41.794,0:39.349,0:37.014,0:42.406
220 Gabriel Tanguy,KTM,12,2:40.824,0:41.321,0:38.472,0:38.110,0:42.921
220 Gabriel Tanguy,KTM,13,2:46.762,0:43.386,0:39.617,0:38.602,0:45.157
337 McCormick Glenn,GASGAS,Lap,Laptime,Section 1,Section 2,Section 3,Section 4
337 McCormick Glenn,GASGAS,1,2:36.634,0:40.777,0:37.492,0:37.033,0:41.332
337 McCormick Glenn,GASGAS,2,2:34.781,0:40.128,0:36.906,0:36.380,0:41.367
337 McCormick Glenn,GASGAS,3,2:36.437,0:40.398,0:37.010,0:36.988,0:42.041
337 McCormick Glenn,GASGAS,4,2:36.180,0:39.631,0:37.221,0:37.009,0:42.319
337 McCormick Glenn,GASGAS,5,2:41.430,0:41.218,0:39.510,0:37.202,0:43.500
337 McCormick Glenn,GASGAS,6,2:39.348,0:40.400,0:39.014,0:37.521,0:42.413
337 McCormick Glenn,GASGAS,7,2:38.337,0:40.414,0:38.691,0:36.510,0:42.722
337 McCormick Glenn,GASGAS,8,2:37.907,0:39.576,0:38.301,0:36.808,0:43.222
337 McCormick Glenn,GASGAS,9,2:40.256,0:40.365,0:38.439,0:38.714,0:42.738
337 McCormick Glenn,GASGAS,10,2:44.579,0:40.578,0:39.642,0:39.109,0:45.250
337 McCormick Glenn,GASGAS,11,2:48.231,0:42.079,0:40.186,0:38.092,0:47.874
337 McCormick Glenn,GASGAS,12,2:47.437,0:44.575,0:40.962,0:38.193,0:43.707
337 McCormick Glenn,GASGAS,13,2:50.633,0:41.288,0:40.976,0:39.768,0:48.601
162 Edmonds Stuart,Honda,Lap,Laptime,Section 1,Section 2,Section 3,Section 4
162 Edmonds Stuart,Honda,1,2:37.486,0:41.815,0:37.565,0:35.742,0:42.364
162 Edmonds Stuart,Honda,2,2:33.821,0:39.375,0:36.601,0:36.346,0:41.499
162 Edmonds Stuart,Honda,3,2:35.161,0:38.950,0:37.767,0:36.506,0:41.938
162 Edmonds Stuart,Honda,4,2:34.088,0:39.214,0:37.364,0:36.280,0:41.230
162 Edmonds Stuart,Honda,5,2:32.977,0:39.817,0:36.419,0:35.695,0:41.046
162 Edmonds Stuart,Honda,6,2:33.499,0:38.605,0:37.616,0:35.729,0:41.549
162 Edmonds Stuart,Honda,7,2:32.912,0:39.069,0:36.956,0:35.354,0:41.533
162 Edmonds Stuart,Honda,8,3:15.343,0:39.330,0:36.692,0:35.251,1:24.070
